,out,0,1,2,3,4,5,6,7,8,9,10,11,12,13,14,15,16,17,18,19,20,21,22,23,24,25,26,27,28,29,30,31,32,33,34,35,36,37,38,39,40,41,42,43,44,45,46,47,48,49
s1_walk,0,2179985849825111.5,1905236960645.2454,-28319432962.69634,-7303059528.683291,1629147382.3352094,1905236960645.2454,18642013174468.14,-73041695513.1452,2271112235.932532,-71703350.85975654,-28319432962.69634,-73041695513.1452,1839087969049.6497,-13380188090.215912,-361572910.3792191,-7303059528.683291,2271112235.932532,-13380188090.215912,50764575545.03805,26499330.31622147,1629147382.3352094,-71703350.85975654,-361572910.3792191,26499330.31622147,893843342.9174175,256019343.29779878,4387.26028239767,471.174166754448,54.281292498298484,-75.16315765656597,4387.26028239767,12150.395234179787,30.396394852971753,-0.6001578729720711,3.76690748794874,471.174166754448,30.396394852971753,1744.0548507747378,16.943849106251108,3.7613900340601405,54.281292498298484,-0.6001578729720711,16.943849106251108,153.4484180621853,-0.5596748447115839,-75.16315765656597,3.76690748794874,3.7613900340601405,-0.5596748447115839,34.206614187214846
s1_run,1,2179092309856607.8,1248651792649.879,-10548837377.989279,-1308035161.6129432,236298308.97730893,1248651792649.879,8878138510687.26,-27483268726.2559,1118774574.8648615,16589975.001818461,-10548837377.989279,-27483268726.2559,779485012216.5162,-6453415394.65124,31954781.33532578,-1308035161.6129432,1118774574.8648615,-6453415394.65124,16756165501.628971,52579626.170119084,236298308.97730893,16589975.001818461,31954781.33532578,52579626.170119084,247230133.9947259,193904766.63596636,20860.62700724321,237.76775985452974,3.6305704230488516,45.784504278583604,20860.62700724321,7671.696611039046,-22.764430410088046,1.7853537913219797,0.6712642305853712,237.76775985452974,-22.764430410088046,234.75305348580855,0.4735591358771332,0.04302069632217335,3.6305704230488516,1.7853537913219797,0.4735591358771332,25.727848522619198,-0.2651122348695227,45.784504278583604,0.6712642305853712,0.04302069632217335,-0.2651122348695227,12.246174579839199
s1_sit,-1,2207753498024498.5,2341105500149.204,-94436433370.96933,4726048163.194299,-593680012.816492,2341105500149.204,12178010764555.922,-22818358463.91842,3334957499.073652,66725186.15955805,-94436433370.96933,-22818358463.91842,1114642892564.4858,-9693348132.755722,222494735.67723063,4726048163.194299,3334957499.073652,-9693348132.755722,18879386871.13906,83327598.22718018,-593680012.816492,66725186.15955805,222494735.67723063,83327598.22718018,460380866.34083706,186751989.29918763,-471.0941513621246,-519.3524054621488,162.7386309661038,13.103473393826793,-471.0941513621246,76.0650731961335,-0.1056640010457854,-0.11003387961268099,0.0110591641234426,-519.3524054621488,-0.1056640010457854,115.84738860975186,-0.0865257617907023,0.023274351839481754,162.7386309661038,-0.11003387961268099,-0.0865257617907023,13.363206685532763,-0.04003300444642989,13.103473393826793,0.0110591641234426,0.023274351839481754,-0.04003300444642989,2.279197754848723
s2_walk,0,2143276909810380.5,-1456463141319.6548,-54048862384.603264,5849391723.686784,-612377153.2994967,-1456463141319.6548,17138662540573.916,-1171165395.1845274,-1499891296.879058,15710878.769121384,-54048862384.603264,-1171165395.1845274,2295625471327.5938,-16916304605.631697,345387469.2200735,5849391723.686784,-1499891296.879058,-16916304605.631697,53721219900.28165,-120323951.24750356,-612377153.2994967,15710878.769121384,345387469.2200735,-120323951.24750356,763906444.1195563,220980347.977365,3889.915699228661,793.9532657964885,-59.54948275728959,79.50301401007772,3889.915699228661,1571.8009174085719,-1.429885510811647,1.8259051007494702,-0.00395061432783279,793.9532657964885,-1.429885510811647,122.76658066060519,-1.0334355598954783,0.09960126265754714,-59.54948275728959,1.8259051007494702,-1.0334355598954783,13.891924955419908,-0.15925304821675076,79.50301401007772,-0.00395061432783279,0.09960126265754714,-0.15925304821675076,4.9903809765278915
s2_run,1,2206401158149209.2,938394517675.1279,14646151973.712831,-15872225291.623812,158784711.67492414,938394517675.1279,21379798330228.254,-24740576582.482212,603849141.4796528,121435767.41066822,14646151973.712831,-24740576582.482212,2673086072750.334,-22079328189.41207,229979241.72448823,-15872225291.623812,603849141.4796528,-22079328189.41207,61203249352.11239,53170958.713894315,158784711.67492414,121435767.41066822,229979241.72448823,53170958.713894315,890121132.5569044,218524833.2419818,54776.99735270956,829.2169152633052,-766.4349151766041,-175.77085038433373,54776.99735270956,24075.045636253588,-102.20468239555518,-7.774031153162894,0.19193542982529382,829.2169152633052,-102.20468239555518,683.2097872250874,-7.35733396996197,-0.8925866520978417,-766.4349151766041,-7.774031153162894,-7.35733396996197,73.45456311290084,0.37439294932910616,-175.77085038433373,0.19193542982529382,-0.8925866520978417,0.37439294932910616,52.99695180458561
s2_sit,-1,2135856763767490.8,-1427135268408.466,-73562636950.43015,-729028776.038256,-629843945.689421,-1427135268408.466,21912672805260.926,-48591300441.02632,636338518.4415665,131041335.94891457,-73562636950.43015,-48591300441.02632,2800210560431.5454,-16485122788.835691,-308414492.0638543,-729028776.038256,636338518.4415665,-16485122788.835691,50495391295.254074,202673340.523461,-629843945.689421,131041335.94891457,-308414492.0638543,202673340.523461,480688651.49727577,185059203.01447514,261.41451598068477,-173.58527662775705,172.2661346736987,-3.0441478042784658,261.41451598068477,49.00946179901906,-0.013961759727980673,-0.04801982980470475,-0.012913545466056234,-173.58527662775705,-0.013961759727980673,90.36867095069822,-0.13604770239871145,-0.021123890025656147,172.2661346736987,-0.04801982980470475,-0.13604770239871145,9.326523607647497,-0.024861717174465246,-3.0441478042784658,-0.012913545466056234,-0.021123890025656147,-0.024861717174465246,1.620944851017037
s3_walk,0,2148854647236473.2,699752199086.8068,19084328661.744064,1628412578.3810012,-193816170.71057177,699752199086.8068,9049805495585.148,2879132770.0236454,30905168.40525432,-7815422.428602945,19084328661.744064,2879132770.0236454,1368120757969.7205,-8364639805.9405,32150415.838248275,1628412578.3810012,30905168.40525432,-8364639805.9405,21445814340.1167,16371747.375134666,-193816170.71057177,-7815422.428602945,32150415.838248275,16371747.375134666,168638840.24766484,211716932.43040526,2234.4089312618116,111.66851944524339,67.83958178997403,3.589165617860581,2234.4089312618116,367.94886711363097,-1.3250188042182922,-0.26580091652677995,-0.0070871853519166115,111.66851944524339,-1.3250188042182922,66.88976158694453,-0.4373599272875852,0.057011843281233376,67.83958178997403,-0.26580091652677995,-0.4373599272875852,14.630878794494063,-0.0706976268115123,3.589165617860581,-0.0070871853519166115,0.057011843281233376,-0.0706976268115123,1.9918798682380454
s3_run,1,2097326422883940.2,-211706431811.1305,-56682382790.44243,6633471595.8428755,740883597.4272522,-211706431811.1305,6384253013175.945,-9952749483.883696,579043879.698125,77749910.88608848,-56682382790.44243,-9952749483.883696,983897427295.1797,-7841101454.87289,84169115.71631289,6633471595.8428755,579043879.698125,-7841101454.87289,23261030854.341682,-48569059.08439697,740883597.4272522,77749910.88608848,84169115.71631289,-48569059.08439697,354009345.85303175,181898543.17076942,38046.101947555406,421.24759999324726,-70.55884561521903,45.541034445362676,38046.101947555406,11645.01871280888,41.690009906931074,-5.0745678247436965,1.196731280388141,421.24759999324726,41.690009906931074,170.98447419750988,0.01444024977936239,0.05812521478555724,-70.55884561521903,-5.0745678247436965,0.01444024977936239,34.29846119624779,-0.10747333055849022,45.541034445362676,1.196731280388141,0.05812521478555724,-0.10747333055849022,21.710694509464833
s3_sit,-1,2133168015327882.2,1058819613843.4414,24974033673.236454,144908679.92592284,467514434.28390586,1058819613843.4414,7190224527358.571,-12246779236.437065,-45723511.728169315,34408383.2094138,24974033673.236454,-12246779236.437065,1079869666622.5005,-5212194426.0711565,-78954348.38174388,144908679.92592284,-45723511.728169315,-5212194426.0711565,18249565129.400337,118266558.20704883,467514434.28390586,34408383.2094138,-78954348.38174388,118266558.20704883,128948382.02477728,179844157.4337518,908.7992031246002,299.9466726897188,-48.602424512491595,6.410392236920302,908.7992031246002,199.01757957677748,0.0682162392430813,-0.0062476235554736,-0.0318211372265091,299.9466726897188,0.0682162392430813,78.70131029358052,-0.1820827912626439,-0.0347735335247957,-48.602424512491595,-0.0062476235554736,-0.1820827912626439,9.845384702579823,0.0241374910085574,6.410392236920302,-0.0318211372265091,-0.0347735335247957,0.0241374910085574,2.0358635740655324
s4_walk,0,2214640676799684.5,2657003825609.646,-243919129.75663137,-2326288707.6285396,-1045790794.1409779,2657003825609.646,9264265116658.555,-11453490883.023718,814474210.2176039,4582503.4145057965,-243919129.75663137,-11453490883.023718,562966497578.7983,-5214231974.323056,-24990655.5366226,-2326288707.6285396,814474210.2176039,-5214231974.323056,11364744888.880247,31433311.36306756,-1045790794.1409779,4582503.4145057965,-24990655.5366226,31433311.36306756,180935576.587287,234445382.5831055,2002.1311472950622,-597.4475293633257,-88.7968529705767,-67.46651701858858,2002.1311472950622,1390.5404141635984,-9.876692679213788,0.4010989512426667,-0.48195300588318085,-597.4475293633257,-9.876692679213788,67.43797307561913,-0.6078889357968618,-0.02048550244903834,-88.7968529705767,0.4010989512426667,-0.6078889357968618,10.999423303739253,0.13364403096685676,-67.46651701858858,-0.48195300588318085,-0.02048550244903834,0.13364403096685676,5.33958339041137
s4_run,1,2174075810256877.0,3118952576543.183,24581439704.388393,-2194055554.5761523,1350693568.5749576,3118952576543.183,10048198002472.14,-39148653807.43068,-394230312.2158864,-99350550.32927124,24581439704.388393,-39148653807.43068,612403119958.2028,-3625691779.98278,-53769686.32194375,-2194055554.5761523,-394230312.2158864,-3625691779.98278,13373036696.723125,-26416616.534128346,1350693568.5749576,-99350550.32927124,-53769686.32194375,-26416616.534128346,319766411.79326177,181764325.0439454,47034.049094598,438.5852690146162,38.31230210420609,134.9870238597907,47034.049094598,16837.509289582933,-90.92384794756248,-3.379209772745601,-2.6266214841594535,438.5852690146162,-90.92384794756248,248.73006577789,0.664493607771077,0.16271064564186943,38.31230210420609,-3.379209772745601,0.664493607771077,25.544964863323205,0.2670542781626213,134.9870238597907,-2.6266214841594535,0.16271064564186943,0.2670542781626213,18.203478226581684
s4_sit,-1,2153640699377191.5,2465580719298.975,-36908636518.59819,-244924510.16481945,236089313.43683892,2465580719298.975,9603670814527.955,-37212026049.36667,828696476.0743515,-47596351.91576859,-36908636518.59819,-37212026049.36667,610938638561.5848,-3319557300.5465727,-71232012.68146971,-244924510.16481945,828696476.0743515,-3319557300.5465727,10023548612.340837,15416948.775992941,236089313.43683892,-47596351.91576859,-71232012.68146971,15416948.775992941,175014053.06067932,181712767.93924037,-219.47763069951253,218.55329646824566,200.12346333678647,-67.81798443340392,-219.47763069951253,593.7506131251574,-4.416880520618047,0.14376183885775262,-0.0384981899440536,218.55329646824566,-4.416880520618047,95.62894352823295,-1.4761214266034854,-0.030052418201930733,200.12346333678647,0.14376183885775262,-1.4761214266034854,10.068008321078036,-0.11565973496877667,-67.81798443340392,-0.0384981899440536,-0.030052418201930733,-0.11565973496877667,2.1958431977428177
s5_walk,0,2172037303151125.0,3054683392369.6177,13100180505.458515,-4242853787.187071,1705860763.8761456,3054683392369.6177,13133120511187.236,-29988919702.83914,-796296388.0567414,20613692.03891883,13100180505.458515,-29988919702.83914,810607626920.0023,-5154339059.940384,-68738998.82804705,-4242853787.187071,-796296388.0567414,-5154339059.940384,31655020662.46536,-135285346.14825755,1705860763.8761456,20613692.03891883,-68738998.82804705,-135285346.14825755,837661295.4141915,204615344.31424043,3889.170402124631,10.020446102987423,-87.35650094117186,28.776713544013276,3889.170402124631,1393.374719127637,1.9492519095366168,-0.5989751817895054,-0.15575652802975387,10.020446102987423,1.9492519095366168,66.10597862590305,-0.06243528614746976,-0.035883353493458316,-87.35650094117186,-0.5989751817895054,-0.06243528614746976,9.379007186559926,-0.007189359357860773,28.776713544013276,-0.15575652802975387,-0.035883353493458316,-0.007189359357860773,3.90188426493532
s5_run,1,2463674946072788.0,3616534213829.106,-60479801282.67105,9331858082.785976,-1103464683.1711764,3616534213829.106,14575068399935.197,-68396486460.22122,-1181582451.170055,103360965.5171583,-60479801282.67105,-68396486460.22122,941772290510.893,-5098695111.530069,-4911095.038314507,9331858082.785976,-1181582451.170055,-5098695111.530069,36652516533.40041,-223010988.27181724,-1103464683.1711764,103360965.5171583,-4911095.038314507,-223010988.27181724,989250968.8290046,207107936.86441335,25506.32861367924,93.14639051311516,-101.38549226070622,120.74194794743795,25506.32861367924,11917.419506193546,-99.64334175496043,-3.0044939375224455,1.7573585063934272,93.14639051311516,-99.64334175496043,260.9156122135134,-0.11961135111612452,0.14555507938749881,-101.38549226070622,-3.0044939375224455,-0.11961135111612452,33.23467788686348,-0.05904137164353338,120.74194794743795,1.7573585063934272,0.14555507938749881,-0.05904137164353338,20.341378664015533
s5_sit,-1,2178032561873195.5,3580159084992.113,-167610424827.5216,2361653896.7984815,204082070.54694194,3580159084992.113,12318346703652.395,-75505506999.49275,3743380407.0369353,299240713.46861285,-167610424827.5216,-75505506999.49275,776744777013.401,-710690843.728898,-225326351.29646745,2361653896.7984815,3743380407.0369353,-710690843.728898,43182660340.63403,-445665815.58191776,204082070.54694194,299240713.46861285,-225326351.29646745,-445665815.58191776,1347700402.5918436,176895298.82029387,454.07616600393504,-123.79245796747765,-174.05488218983834,32.79195160060549,454.07616600393504,381.6393693871264,-2.5002935464376894,-0.017415736586264528,0.05690462755929169,-123.79245796747765,-2.5002935464376894,36.351775761263156,-0.03995310789670424,0.044419089330064915,-174.05488218983834,-0.017415736586264528,-0.03995310789670424,7.325351557574258,-0.013459062131386097,32.79195160060549,0.05690462755929169,0.044419089330064915,-0.013459062131386097,2.0294886511057144
s6_walk,0,2245587146974430.5,-83559638505.28775,-56636265214.121765,13254718114.373981,3378782393.091199,-83559638505.28775,20171125010107.008,-28849405551.373997,-1575740813.9758039,125212476.98824295,-56636265214.121765,-28849405551.373997,1688479337237.0103,-9308140138.647585,-137701725.241794,13254718114.373981,-1575740813.9758039,-9308140138.647585,31712833106.017094,179083765.02303228,3378782393.091199,125212476.98824295,-137701725.241794,179083765.02303228,840734962.8840557,219050547.49916244,1343.3213989272174,-10.270415580635836,56.17876754026679,-84.2061075281053,1343.3213989272174,1111.8467707860032,-11.290580734425584,-0.9432718769319866,0.11131191527553176,-10.270415580635836,-11.290580734425584,67.11837103110624,-0.2743184630017826,-0.03681485884218386,56.17876754026679,-0.9432718769319866,-0.2743184630017826,9.968049263644682,-0.09782990902396142,-84.2061075281053,0.11131191527553176,-0.03681485884218386,-0.09782990902396142,3.045032648137334
s6_run,1,2163532976371808.8,2828327771144.2134,-112122956878.5452,-5069509947.465973,-1839768363.1357362,2828327771144.2134,19207437515865.652,-31302126938.689423,2149772245.392032,199228998.30744174,-112122956878.5452,-31302126938.689423,1603235962147.2393,-11529206302.558554,-162542958.6335432,-5069509947.465973,2149772245.392032,-11529206302.558554,30906878729.736366,99420868.2257064,-1839768363.1357362,199228998.30744174,-162542958.6335432,99420868.2257064,466871962.10192764,215907381.417466,86147.92717177217,-7.83935598139923,83.48560476935849,182.67458729128626,86147.92717177217,33218.738343889585,-98.2264130716493,-8.635894372116136,-1.4670019904332814,-7.83935598139923,-98.2264130716493,827.3108759733344,-5.548983190692699,-1.906429300100406,83.48560476935849,-8.635894372116136,-5.548983190692699,85.70900279370653,0.1606328815024737,182.67458729128626,-1.4670019904332814,-1.906429300100406,0.1606328815024737,50.03534757181067
s6_sit,-1,2181843008767799.2,380308798064.50934,39268926942.82763,6566916433.313042,-1735077262.744502,380308798064.50934,19445237814794.613,-35498282806.91051,2984998382.860694,-252065538.4040309,39268926942.82763,-35498282806.91051,1478088432270.193,-12441012583.731356,-185615031.54191947,6566916433.313042,2984998382.860694,-12441012583.731356,23697240684.20257,191924893.20975453,-1735077262.744502,-252065538.4040309,-185615031.54191947,191924893.20975453,819123431.0129985,182467626.6935488,1346.3301012885765,-498.9644197830862,244.64174884959579,-29.183720352669024,1346.3301012885765,87.02240884129512,0.3562223438930926,-0.19172256548028221,-0.015590046565223958,-498.9644197830862,0.3562223438930926,28.729000604850178,-0.0855624244189631,-7.489408367519854e-05,244.64174884959579,-0.19172256548028221,-0.0855624244189631,8.255780734261435,-0.03455181294006674,-29.183720352669024,-0.015590046565223958,-7.489408367519854e-05,-0.03455181294006674,2.1908144716266866
s7_walk,0,2155543371877747.2,4846475894118.642,-141838869223.8745,1651793126.3055525,1223840034.4083302,4846475894118.642,16766592839607.299,-40318401746.899666,2779395000.581283,-43121082.07864617,-141838869223.8745,-40318401746.899666,972126968022.0325,-3048820431.704697,-277723126.28690916,1651793126.3055525,2779395000.581283,-3048820431.704697,60242869270.56318,-630556333.1185731,1223840034.4083302,-43121082.07864617,-277723126.28690916,-630556333.1185731,1631082934.9393508,208040298.79973885,7244.879966891252,-587.7959268128293,31.929984172968517,49.83551540947905,7244.879966891252,1951.082176317563,-25.652544501359507,-2.0205180576365014,-0.040072459486609535,-587.7959268128293,-25.652544501359507,61.04834783322819,0.239352682878701,0.006858971400417113,31.929984172968517,-2.0205180576365014,0.239352682878701,10.450932574634784,0.06355806083677515,49.83551540947905,-0.040072459486609535,0.006858971400417113,0.06355806083677515,5.904805665058619
s7_run,1,2207895472904855.8,5453327340099.522,-215042745386.63852,-8651504779.814758,-651495490.2477303,5453327340099.522,19221068705862.88,-126573847888.39468,180853580.77681622,-12009065.586495226,-215042745386.63852,-126573847888.39468,1122571111513.0432,-5610302884.091977,-79258045.03115636,-8651504779.814758,180853580.77681622,-5610302884.091977,65493039164.92243,-468531549.56999296,-651495490.2477303,-12009065.586495226,-79258045.03115636,-468531549.56999296,1834098321.3069446,188295820.83907425,40774.15464038899,693.3498404608393,-35.172251736778406,-38.02537534297763,40774.15464038899,16026.661046427604,-47.35521022849539,2.111347647021709,1.2424122552538066,693.3498404608393,-47.35521022849539,329.5463248768593,-1.5781649834429408,0.09997166086844118,-35.172251736778406,2.111347647021709,-1.5781649834429408,48.17473150908231,-0.5473294516839949,-38.02537534297763,1.2424122552538066,0.09997166086844118,-0.5473294516839949,28.82660606689112
s7_sit,-1,2196957431905483.5,3828492360424.8267,-150125725902.01758,-3767920744.1743903,342870358.6800388,3828492360424.8267,12050645571497.57,-50410325335.92663,1266876100.5897205,-282138555.95664763,-150125725902.01758,-50410325335.92663,877222461130.1406,-681901459.7738312,33341314.33073074,-3767920744.1743903,1266876100.5897205,-681901459.7738312,58236055158.92847,-340682187.8459661,342870358.6800388,-282138555.95664763,33341314.33073074,-340682187.8459661,1864555213.9849691,183810212.18786758,-58.61598891883726,191.85021390625607,84.88842782881494,21.005864373274832,-58.61598891883726,68.19397626105494,0.3067986712404726,-0.01159784457892846,-0.009629778301747823,191.85021390625607,0.3067986712404726,112.60355523157445,-0.06684889220596452,-0.07308043531975852,84.88842782881494,-0.01159784457892846,-0.06684889220596452,12.469377205271943,-0.03915259447280348,21.005864373274832,-0.009629778301747823,-0.07308043531975852,-0.03915259447280348,2.9645246696188168
s8_walk,0,2121392164892075.2,1334168758081.523,3140117293.875496,-2696372908.6895347,162050183.1561879,1334168758081.523,9868372170309.428,-40327468762.9751,1141093595.6072555,66644967.22799322,3140117293.875496,-40327468762.9751,832600838372.089,-5023567807.212631,88059428.3663222,-2696372908.6895347,1141093595.6072555,-5023567807.212631,19713929779.596916,-86641711.62296046,162050183.1561879,66644967.22799322,88059428.3663222,-86641711.62296046,191657374.0066629,204587176.93747658,5005.74664364743,-101.47120588629107,145.39104395794624,11.813690668465064,5005.74664364743,1754.8519341530123,4.038981745724273,0.41658312470332,0.2873529469899638,-101.47120588629107,4.038981745724273,72.283745218044,0.04732992227750273,-0.0976869342892802,145.39104395794624,0.41658312470332,0.04732992227750273,8.399316607830821,-0.07433388628891353,11.813690668465064,0.2873529469899638,-0.0976869342892802,-0.07433388628891353,3.0402625574451263
s8_run,1,2118234778818329.8,1280510425035.019,82434072521.21684,-1995014689.9236853,-729049733.250352,1280510425035.019,9824576006389.299,-21820139468.411247,431821935.73093444,-12457805.888463985,82434072521.21684,-21820139468.411247,762256971052.7648,-3779986471.5656204,-7655019.330169931,-1995014689.9236853,431821935.73093444,-3779986471.5656204,20030337576.646347,-99614878.0678956,-729049733.250352,-12457805.888463985,-7655019.330169931,-99614878.0678956,209896066.465654,199204771.72620833,6628.4320036633035,354.91866897914076,45.587230088388125,85.17331534937706,6628.4320036633035,4084.2453181391948,-53.78747122497025,-1.0613485035175907,-0.2593123816920898,354.91866897914076,-53.78747122497025,136.9575828635097,-1.984557690303473,0.4247542135404606,45.587230088388125,-1.0613485035175907,-1.984557690303473,14.624555971077099,-0.10109536298545048,85.17331534937706,-0.2593123816920898,0.4247542135404606,-0.10109536298545048,7.499422832429712
s8_sit,-1,2127543639566077.0,704476023786.4064,52587258227.035446,-111045044.93935105,678257481.9140586,704476023786.4064,9232071933631.242,-40210776913.49786,59118700.490231596,41183828.415124595,52587258227.035446,-40210776913.49786,662258446976.6085,-4190907130.7130504,-62472825.689322986,-111045044.93935105,59118700.490231596,-4190907130.7130504,13908133930.297619,61476106.415098056,678257481.9140586,41183828.415124595,-62472825.689322986,61476106.415098056,132540888.40197527,180872773.38166535,-1869.868390446643,53.953008578422136,111.33709190346137,35.004063050824,-1869.868390446643,218.42803300834316,2.6112902750373386,0.3344134464145362,0.08478201514477332,53.953008578422136,2.6112902750373386,247.08169377951134,0.13596665564121352,0.04550409279571537,111.33709190346137,0.3344134464145362,0.13596665564121352,22.62645085509147,-0.003938660020543103,35.004063050824,0.08478201514477332,0.04550409279571537,-0.003938660020543103,3.3698057243033053
s9_walk,0,2157161176828614.0,3015027884135.5435,75346765020.90375,8033055799.06068,-203672670.7709741,3015027884135.5435,11826457291212.479,-68148461601.441315,102215131.60216482,51095654.49478597,75346765020.90375,-68148461601.441315,645603625186.6847,-3196734917.7268825,-153630674.27817795,8033055799.06068,102215131.60216482,-3196734917.7268825,27060122179.053947,-128294963.5216519,-203672670.7709741,51095654.49478597,-153630674.27817795,-128294963.5216519,624991756.6793556,210798087.9259668,4370.0390391179635,572.330903710335,21.170103712752983,107.57050334094416,4370.0390391179635,3374.1391146731535,-12.541069179756914,0.4523246165639091,-0.37080276285744923,572.330903710335,-12.541069179756914,147.7846731555229,0.1333089460739706,-0.06541931678269063,21.170103712752983,0.4523246165639091,0.1333089460739706,14.922943481459686,-0.11010306394951708,107.57050334094416,-0.37080276285744923,-0.06541931678269063,-0.11010306394951708,5.445819424363272
s9_run,1,2153292261438690.0,3228307652075.3555,-53753615241.56356,-16917388674.350372,-303401328.7923141,3228307652075.3555,12769702239776.363,-79723045005.14937,750465439.9216985,-198823798.58299282,-53753615241.56356,-79723045005.14937,693270252520.9027,-2989010469.1592574,-164223518.58602452,-16917388674.350372,750465439.9216985,-2989010469.1592574,31227503645.578476,-245169853.34698123,-303401328.7923141,-198823798.58299282,-164223518.58602452,-245169853.34698123,705755628.112449,229960116.36344197,38675.879533866704,331.398042366901,-84.40363491060727,-51.00333098964481,38675.879533866704,16927.050555309776,-206.54601374968672,-5.341383848925614,1.9352883460581611,331.398042366901,-206.54601374968672,306.6604104425196,-1.0352898248264828,-0.24423863417286903,-84.40363491060727,-5.341383848925614,-1.0352898248264828,36.50589264189145,0.21212946076097347,-51.00333098964481,1.9352883460581611,-0.24423863417286903,0.21212946076097347,22.081456205797082
s9_sit,-1,2128713123456561.0,2651782455057.6074,162045194820.18378,2780687480.343397,839410802.8526776,2651782455057.6074,10846988714493.545,-45382509121.13912,338745001.2089231,-55371405.83170384,162045194820.18378,-45382509121.13912,644706285939.697,-3446410587.9971166,-68511840.9876293,2780687480.343397,338745001.2089231,-3446410587.9971166,34269123606.01027,-8184436.169410415,839410802.8526776,-55371405.83170384,-68511840.9876293,-8184436.169410415,644608325.1553986,185802137.82110327,1032.7984861270522,-44.849049085196775,15.392094453581699,28.51595135732041,1032.7984861270522,492.51063536240395,0.6663952190453107,0.33393898746968537,-0.09258573899369231,-44.849049085196775,0.6663952190453107,145.41429091839046,-0.3992758803929279,-0.07487819751021975,15.392094453581699,0.33393898746968537,-0.3992758803929279,18.97654724703061,-0.07938243841706881,28.51595135732041,-0.09258573899369231,-0.07487819751021975,-0.07938243841706881,2.9078679962843825
s10_walk,0,2113908881355845.0,1056785190602.4615,-132566207264.1514,7529723383.692137,-280591627.8205985,1056785190602.4615,16371268862104.918,-29671563709.860302,1616470838.7030919,93560141.35934557,-132566207264.1514,-29671563709.860302,1328283759641.8145,-7080735891.574416,-107335943.63674009,7529723383.692137,1616470838.7030919,-7080735891.574416,34011621280.073902,-773563.2237429953,-280591627.8205985,93560141.35934557,-107335943.63674009,-773563.2237429953,729018448.1570903,207702676.93863168,1500.5778683820297,53.86502874417888,111.36221922367021,-30.941030434211292,1500.5778683820297,785.7501544067319,-12.040904603585577,0.060074667873155685,-0.024016333064869468,53.86502874417888,-12.040904603585577,116.7848260875576,-2.202271444746299,-0.03846856411068678,111.36221922367021,0.060074667873155685,-2.202271444746299,10.361281197841965,-0.11984119281253891,-30.941030434211292,-0.024016333064869468,-0.03846856411068678,-0.11984119281253891,2.081460593100313
s10_run,1,2112742360439967.8,1454877652250.6353,94325878589.61186,12775929617.04987,-180182146.24122792,1454877652250.6353,17817379011815.043,-66622068378.00419,-753395785.2461568,229763212.4344731,94325878589.61186,-66622068378.00419,1523335123673.8005,-12474594710.301735,23221806.606984872,12775929617.04987,-753395785.2461568,-12474594710.301735,52509651387.36477,-238488449.26932454,-180182146.24122792,229763212.4344731,23221806.606984872,-238488449.26932454,1239531680.0039327,226718338.26014054,51063.61475625559,-980.793186599696,-413.2917307071645,-161.66543578225023,51063.61475625559,27456.376086189583,-87.82661114266216,-31.232766551058525,0.06433853098033908,-980.793186599696,-87.82661114266216,401.7969371821223,-3.1202116967627402,0.9413773700576726,-413.2917307071645,-31.232766551058525,-3.1202116967627402,138.28389921711275,0.312835791524088,-161.66543578225023,0.06433853098033908,0.9413773700576726,0.312835791524088,96.37026969765184
s10_sit,-1,2116723550408843.5,1970927234871.0635,56892664448.50112,4821524823.575881,669204530.8976706,1970927234871.0635,14474721635189.121,-50676725338.313965,1010006271.3889387,166575453.8725682,56892664448.50112,-50676725338.313965,942410535544.2784,-5435120411.89428,-155900649.98988682,4821524823.575881,1010006271.3889387,-5435120411.89428,26090590457.76247,-88648142.06875181,669204530.8976706,166575453.8725682,-155900649.98988682,-88648142.06875181,661866080.7247704,182671132.30802837,-201.90396788942542,-413.9918450729538,-2.9826910469876293,28.434845200176227,-201.90396788942542,259.3919770737152,-0.11408503182276263,0.1859087787207063,0.08019741630181772,-413.9918450729538,-0.11408503182276263,173.06913765838706,-0.04353209021496868,-0.013809649748925129,-2.9826910469876293,0.1859087787207063,-0.04353209021496868,14.47351878382241,-0.11336934059974346,28.434845200176227,0.08019741630181772,-0.013809649748925129,-0.11336934059974346,1.8644759276771683
s11_walk,0,2117596562216160.2,2296908737766.549,-33822606061.13155,-6119797183.496002,146726188.3393815,2296908737766.549,20285781642136.547,-63957052388.55676,-4436754362.821635,801018649.457182,-33822606061.13155,-63957052388.55676,2014239273954.7974,-13081294939.998878,288847098.00100505,-6119797183.496002,-4436754362.821635,-13081294939.998878,132384954750.82426,-727011976.9022477,146726188.3393815,801018649.457182,288847098.00100505,-727011976.9022477,3666439913.2379494,199359296.55958435,5523.298683805189,-104.5749374869888,78.34872519938068,-16.77595365269291,5523.298683805189,1803.0654473100742,4.901036714323941,1.5993523818186302,-0.0288345811801009,-104.5749374869888,4.901036714323941,123.95711482322153,-0.3433904789197124,0.05747470465370441,78.34872519938068,1.5993523818186302,-0.3433904789197124,14.76109682510806,-0.018867697843292727,-16.77595365269291,-0.0288345811801009,0.05747470465370441,-0.018867697843292727,3.1362048856653417
s11_run,1,2150457664980735.2,2583130322061.271,-33078704628.22565,4294198561.944298,-1285917835.8501372,2583130322061.271,22929601016483.76,-17368862660.59815,-4607921231.001555,796400208.0097555,-33078704628.22565,-17368862660.59815,2217066326692.27,-6610332494.496473,163636496.9917284,4294198561.944298,-4607921231.001555,-6610332494.496473,144956833799.23032,-1287937191.133987,-1285917835.8501372,796400208.0097555,163636496.9917284,-1287937191.133987,3936035181.346007,193291601.09306556,27197.395107813736,-276.6320047378547,-221.8008495607694,138.758870792863,27197.395107813736,12832.189256317308,-110.63037846079848,2.7565356311231057,-1.9246441748778274,-276.6320047378547,-110.63037846079848,220.02411360088058,0.15125014553636515,0.314822440623515,-221.8008495607694,2.7565356311231057,0.15125014553636515,38.13451749067849,-0.8320379037721717,138.758870792863,-1.9246441748778274,0.314822440623515,-0.8320379037721717,27.93569352459004
s11_sit,-1,2124420193205245.5,3276414343396.303,-120009137248.40375,-37045397573.43477,-3403090453.456276,3276414343396.303,15881478381651.47,-107622906132.63477,2090319784.0813146,357337697.44815326,-120009137248.40375,-107622906132.63477,1589187165990.1516,-4473561258.167319,-3806495.641689323,-37045397573.43477,2090319784.0813146,-4473561258.167319,110559313305.89885,-950543186.4196144,-3403090453.456276,357337697.44815326,-3806495.641689323,-950543186.4196144,3497543508.6480503,188894685.3643921,-327.8246045009338,-245.38706250069444,43.77810544867303,54.8210552262604,-327.8246045009338,533.2490022733613,4.346620308567742,0.6657105837999143,0.041436247634813184,-245.38706250069444,4.346620308567742,176.1068882947059,-0.0390606199029575,0.07659678679289275,43.77810544867303,0.6657105837999143,-0.0390606199029575,13.986427334223418,-0.029286911830801815,54.8210552262604,0.041436247634813184,0.07659678679289275,-0.029286911830801815,1.7844499278388526
s12_walk,0,2184518420730969.2,4112284864091.8135,-49128185674.755844,5064379403.803382,2895729419.434853,4112284864091.8135,17318631095503.457,-140089061080.22797,-642490919.3349702,110621541.73891774,-49128185674.755844,-140089061080.22797,1337090362592.4324,-9108967499.943449,174786272.65273923,5064379403.803382,-642490919.3349702,-9108967499.943449,51596445641.04156,-373363763.0904227,2895729419.434853,110621541.73891774,174786272.65273923,-373363763.0904227,964435785.0132753,216891897.80136347,3631.0966502740325,-32.103472257543814,41.27604213073788,-88.34986619938269,3631.0966502740325,1682.293638954203,15.029748972641837,0.4934199473349705,-0.04478808400732277,-32.103472257543814,15.029748972641837,130.1622035282018,-1.0282395149988093,0.004656842864528685,41.27604213073788,0.4934199473349705,-1.0282395149988093,10.900725930820322,-0.09377715422573726,-88.34986619938269,-0.04478808400732277,0.004656842864528685,-0.09377715422573726,3.5232747734927043
s12_run,1,2241856604602972.0,5999453453740.133,-152110322260.69675,-8821630183.397282,-1984482985.7208824,5999453453740.133,17869766247450.977,-68697726398.81022,-120654761.4081669,136770972.57192153,-152110322260.69675,-68697726398.81022,1439340304490.716,-11047012169.107899,-42270576.50405726,-8821630183.397282,-120654761.4081669,-11047012169.107899,51742649192.870285,-258198002.08258075,-1984482985.7208824,136770972.57192153,-42270576.50405726,-258198002.08258075,1055698652.2706579,182144309.59797972,21137.51751702552,1239.0645541143413,-41.328168960285005,-157.4772529738161,21137.51751702552,12593.55113750153,-74.76041344588312,-2.4557748317013424,0.3518234386435158,1239.0645541143413,-74.76041344588312,399.2397914078819,-0.10300438084107247,0.39797978953933394,-41.328168960285005,-2.4557748317013424,-0.10300438084107247,33.234322885126986,-0.27244808960700023,-157.4772529738161,0.3518234386435158,0.39797978953933394,-0.27244808960700023,13.187561742878769
s12_sit,-1,2133504724150862.8,3392849466588.323,-140229275485.89255,15640318407.366604,1461503451.3536167,3392849466588.323,11147313952837.094,-59130513852.98631,-861754273.7121534,204558490.4269649,-140229275485.89255,-59130513852.98631,1154080889942.2468,-6178542685.560139,39324444.0634242,15640318407.366604,-861754273.7121534,-6178542685.560139,68887334684.24983,-694868935.1858416,1461503451.3536167,204558490.4269649,39324444.0634242,-694868935.1858416,1451059288.0597897,183851171.6262643,566.7687339836639,25.062190233023493,263.23973752477906,20.745566684628166,566.7687339836639,112.5543595327804,-1.232964167206541,-0.46829424471360503,-0.29724490436389456,25.062190233023493,-1.232964167206541,42.737975434967,-0.6298525231984251,0.7835763494897644,263.23973752477906,-0.46829424471360503,-0.6298525231984251,13.318215600656645,-0.697830923253071,20.745566684628166,-0.29724490436389456,0.7835763494897644,-0.697830923253071,2.8941626610131106
s13_walk,0,2139596593363665.2,2135106725224.015,82376252980.98392,-4148408923.5540533,227516706.21511418,2135106725224.015,12442265249065.08,-7716435907.574013,-117953644.53709725,-12611966.866276031,82376252980.98392,-7716435907.574013,1220093090001.2659,-7179250587.345515,39992794.00285936,-4148408923.5540533,-117953644.53709725,-7179250587.345515,29757983513.86399,-88330384.47321114,227516706.21511418,-12611966.866276031,39992794.00285936,-88330384.47321114,329030066.6763513,209050077.1698241,2498.1507737805564,2731.067277587824,823.0130768454416,-25.515503048507316,2498.1507737805564,6955.198917307562,-592.1675284176241,57.2308975569258,1.5906421555085206,2731.067277587824,-592.1675284176241,1530.8881518114968,-46.85929073791267,1.3958539250506805,823.0130768454416,57.2308975569258,-46.85929073791267,171.31393617751985,2.2872462443292987,-25.515503048507316,1.5906421555085206,1.3958539250506805,2.2872462443292987,31.244647394867393
s13_run,1,2120654007573469.0,216695943564.49203,-105046640369.67165,679769132.6321867,-239325697.84271985,216695943564.49203,13006019919551.945,-54617636770.50213,367251144.1632035,51147430.37360874,-105046640369.67165,-54617636770.50213,1358188890312.5989,-6532732322.009872,-69965235.96700886,679769132.6321867,367251144.1632035,-6532732322.009872,30938415989.00467,-70241427.09992757,-239325697.84271985,51147430.37360874,-69965235.96700886,-70241427.09992757,302025880.821541,176556215.57564002,11008.94581923911,-428.71215839469727,15.423118645072766,118.5415002230463,11008.94581923911,10605.462434485124,-59.201151755976404,-3.378528847736859,-0.3286720516404304,-428.71215839469727,-59.201151755976404,356.38269763915196,-0.5061700597400423,0.12996949482856823,15.423118645072766,-3.378528847736859,-0.5061700597400423,17.762860283634442,-0.011904390137816547,118.5415002230463,-0.3286720516404304,0.12996949482856823,-0.011904390137816547,7.129076366246816
s13_sit,-1,2191534876956276.0,1416591538797.93,181992823790.01352,46225143112.79539,74574651205.98503,1416591538797.93,13456902662639.828,196857543989.4101,-301338369.51845783,2410788545.2276998,181992823790.01352,196857543989.4101,9119790758335.49,49172580473.59793,-1330381061.844043,46225143112.79539,-301338369.51845783,49172580473.59793,1582074948155.3242,-63227532381.9893,74574651205.98503,2410788545.2276998,-1330381061.844043,-63227532381.9893,125481969353.855,182964475.41598502,490.38430384048496,212.5435589237793,-229.41102477226275,-57.193499850231646,490.38430384048496,81.64924461992857,-0.7925231248485196,0.08808507797725187,-0.003954632587243596,212.5435589237793,-0.7925231248485196,24.644415032553916,-0.06331176533006631,0.012828041627927778,-229.41102477226275,0.08808507797725187,-0.06331176533006631,6.6411173179809815,-0.03175273398563704,-57.193499850231646,-0.003954632587243596,0.012828041627927778,-0.03175273398563704,1.7155540710442352
s14_walk,0,2107631312618633.5,1083163645755.4282,38010681348.26091,2107865844.1065853,379175242.8776293,1083163645755.4282,8476948210481.216,-29911929184.606663,142718395.02938032,70437966.49831244,38010681348.26091,-29911929184.606663,397539397666.21594,-2014564564.3791907,-56305752.780928195,2107865844.1065853,142718395.02938032,-2014564564.3791907,11381306775.949215,-27252785.637220874,379175242.8776293,70437966.49831244,-56305752.780928195,-27252785.637220874,209077759.65093336,216357963.00217822,1603.2168683765162,197.37923679540344,-11.407378723921681,91.39258397470347,1603.2168683765162,1462.2326839617165,-2.7078165739655793,-1.4499214087986652,0.1315688362930762,197.37923679540344,-2.7078165739655793,117.4437671744265,-1.5922927503988176,-0.04921774963152745,-11.407378723921681,-1.4499214087986652,-1.5922927503988176,13.571230042937335,-0.12864423206553496,91.39258397470347,0.1315688362930762,-0.04921774963152745,-0.12864423206553496,6.927489025951817
s14_run,1,2109995896276668.0,1927544135839.3323,-24882609427.076744,701706443.1392844,820431834.6329015,1927544135839.3323,9323984591971.488,-62047005337.55641,-777795485.5228827,-14528464.97490231,-24882609427.076744,-62047005337.55641,445587445794.3321,-649189708.875141,-91207609.6335387,701706443.1392844,-777795485.5228827,-649189708.875141,14227028147.34008,-69701684.19224472,820431834.6329015,-14528464.97490231,-91207609.6335387,-69701684.19224472,251826195.4589823,193193391.39485437,55844.031728210495,831.5807620808018,-201.0224769437639,-185.21365951157827,55844.031728210495,16175.464937294102,49.068472091955144,-1.401817103773782,0.40340605385239714,831.5807620808018,49.068472091955144,185.34485784095304,3.198505687918597,0.14820565563585913,-201.0224769437639,-1.401817103773782,3.198505687918597,37.46183158048661,-0.06119788066807283,-185.21365951157827,0.40340605385239714,0.14820565563585913,-0.06119788066807283,28.326407588630993
s14_sit,-1,2137554752325272.8,1006680202885.1232,-82778507814.70988,-2433236941.029961,112507090.01452251,1006680202885.1232,5508322690246.109,-30242407615.22309,748876979.755357,47352100.379196405,-82778507814.70988,-30242407615.22309,257701192748.83835,-1866590711.8479414,-56441360.31104169,-2433236941.029961,748876979.755357,-1866590711.8479414,6769505773.977251,-21119043.647351146,112507090.01452251,47352100.379196405,-56441360.31104169,-21119043.647351146,105256263.73653536,189997462.81184807,6106.9413494109485,-448.52135694026623,310.5177036820367,55.99831651742828,6106.9413494109485,1564.2478610591982,5.387194932425383,-0.9828216492901343,0.818726016629204,-448.52135694026623,5.387194932425383,213.47862024342584,-1.929005621164626,0.6941853551846624,310.5177036820367,-0.9828216492901343,-1.929005621164626,22.17148494981227,-1.7527074902327053,55.99831651742828,0.818726016629204,0.6941853551846624,-1.7527074902327053,9.355972367236337
s15_walk,0,2117496704225460.8,2413818930872.504,-6862494616.652915,2359457781.9512405,-911678405.4503646,2413818930872.504,11907640150457.244,-38630278663.72791,276899051.76830536,-150642562.87314558,-6862494616.652915,-38630278663.72791,845411696520.1519,-5575181883.479039,-122900253.3163017,2359457781.9512405,276899051.76830536,-5575181883.479039,17967826273.033974,-56855858.52658637,-911678405.4503646,-150642562.87314558,-122900253.3163017,-56855858.52658637,300170565.7773512,195381392.74497116,1938.5914179350546,-403.3761089694152,-10.919913137220037,-38.925277430055225,1938.5914179350546,2345.0262173360056,-14.647975255542597,-0.8109473707740633,0.060509415195770654,-403.3761089694152,-14.647975255542597,116.4005532938685,-0.9151391622140864,-0.1389382069241573,-10.919913137220037,-0.8109473707740633,-0.9151391622140864,9.031532803289089,-0.055835117921368534,-38.925277430055225,0.060509415195770654,-0.1389382069241573,-0.055835117921368534,3.0522501228818
s15_run,1,2159848945816280.5,3242927472687.059,-18422059190.556114,-157833544.6948251,394819639.61893636,3242927472687.059,11449881872954.318,-34987968270.688805,-179595670.6053812,18974574.672047473,-18422059190.556114,-34987968270.688805,829283619916.5106,-8973176438.608917,-81702609.39223272,-157833544.6948251,-179595670.6053812,-8973176438.608917,16426097692.330835,11263385.286226008,394819639.61893636,18974574.672047473,-81702609.39223272,11263385.286226008,230319325.89360085,184460306.41002682,13797.264970333505,25.418631441573236,-120.38456740415862,22.83310171698067,13797.264970333505,5768.333232566157,-13.480327363018404,-0.0302349218706622,0.03900637875532921,25.418631441573236,-13.480327363018404,126.09960015581972,0.4038213342544488,-0.08830077584851381,-120.38456740415862,-0.0302349218706622,0.4038213342544488,13.403091704473018,-0.038395737926299765,22.83310171698067,0.03900637875532921,-0.08830077584851381,-0.038395737926299765,7.804787180738994
s15_sit,-1,2108305278554034.0,2014329962534.034,-73788537958.64267,-3778088395.722626,883136560.0426902,2014329962534.034,10298774448681.1,-26790105203.383846,738826648.3570977,-4496026.524021794,-73788537958.64267,-26790105203.383846,770234517087.9274,-5313339888.746944,-97785285.84667094,-3778088395.722626,738826648.3570977,-5313339888.746944,14805958385.874292,-16730502.365732757,883136560.0426902,-4496026.524021794,-97785285.84667094,-16730502.365732757,240314898.94344032,187906376.31983957,675.3669043567567,-15.545633203693795,224.33045213701985,6.80503314565327,675.3669043567567,186.73030167427436,-2.1949491655219284,0.9310627361063332,-0.033434413614411476,-15.545633203693795,-2.1949491655219284,116.61668151552726,-0.3182705081265667,-0.07209084983524221,224.33045213701985,0.9310627361063332,-0.3182705081265667,17.289323692449365,-0.008483799293339802,6.80503314565327,-0.033434413614411476,-0.07209084983524221,-0.008483799293339802,2.287827498643258
s16_walk,0,2107056065508647.0,603458305023.1691,591192150.284162,2973990676.909485,149083083.809911,603458305023.1691,5891731141282.835,-27076409072.407326,-26215244.904232185,23040040.141782247,591192150.284162,-27076409072.407326,566762832797.4243,-3962661785.1074996,-89286278.55874003,2973990676.909485,-26215244.904232185,-3962661785.1074996,11001322678.772064,-37329379.509893596,149083083.809911,23040040.141782247,-89286278.55874003,-37329379.509893596,132982703.18953684,204795763.0555657,9415.85469416647,-128.78695001878089,126.5402572660268,-163.62302216755185,9415.85469416647,3828.2929992120503,2.018738247050637,1.530703731576895,0.34788351545284807,-128.78695001878089,2.018738247050637,146.9445852051003,-0.5424810037965971,-0.3643104485701066,126.5402572660268,1.530703731576895,-0.5424810037965971,22.090306036191592,0.1653136472400051,-163.62302216755185,0.34788351545284807,-0.3643104485701066,0.1653136472400051,8.462402628329444
s16_run,1,2139211869417143.5,424699329946.98584,-43099826570.92879,629859148.508503,-268782056.6787446,424699329946.98584,6135067454471.946,-25548524380.582283,330335030.2309108,-15265971.409237897,-43099826570.92879,-25548524380.582283,562756558084.6864,-3615211210.8609776,38080861.59369381,629859148.508503,330335030.2309108,-3615211210.8609776,12117166616.139957,-53129561.89287008,-268782056.6787446,-15265971.409237897,38080861.59369381,-53129561.89287008,146120944.29704076,199063182.85134965,63269.96263318375,-1229.3683774039894,-380.0773042305834,79.35130082082208,63269.96263318375,23129.68856908595,-51.10665205538047,-2.214999752053177,2.7746149948636694,-1229.3683774039894,-51.10665205538047,333.83826511460825,2.037486600468781,0.2999641868598191,-380.0773042305834,-2.214999752053177,2.037486600468781,104.80095160835133,0.2946275025551731,79.35130082082208,2.7746149948636694,0.2999641868598191,0.2946275025551731,68.99822289928612
s16_sit,-1,2104751860391995.5,367841935059.45685,52070453458.36111,-2995761142.8007054,422290920.9577818,367841935059.45685,5251516057919.376,-17786961217.70543,457300552.82335156,58529484.2895752,52070453458.36111,-17786961217.70543,477548975945.72266,-3480582811.771163,-22971462.21652927,-2995761142.8007054,457300552.82335156,-3480582811.771163,11069968055.35137,65940710.68765298,422290920.9577818,58529484.2895752,-22971462.21652927,65940710.68765298,123981491.00467427,173848552.0886525,-682.4362894316896,2.954047812234389,78.13612123899493,-40.24415527962491,-682.4362894316896,220.75648759266252,-1.70413321546059,-0.4837381881498124,0.24712340380596137,2.954047812234389,-1.70413321546059,106.41794252445426,-0.1783601340849399,0.20848029730646703,78.13612123899493,-0.4837381881498124,-0.1783601340849399,17.38562278980974,-0.04187647682349858,-40.24415527962491,0.24712340380596137,0.20848029730646703,-0.04187647682349858,3.131186235896955
s17_walk,0,2089779972966589.5,432370762148.3438,-30629441073.78921,-1732231065.0469792,-221416506.08053964,432370762148.3438,9264875169034.5,-41623966748.72668,609695385.0491401,394046.53989709914,-30629441073.78921,-41623966748.72668,809510051007.8973,-5426196704.82006,-187072501.44785482,-1732231065.0469792,609695385.0491401,-5426196704.82006,14688950468.182234,55184643.65708568,-221416506.08053964,394046.53989709914,-187072501.44785482,55184643.65708568,206188814.13927972,209541375.63775754,-2529.314286325439,752.9348967291279,-65.22799599081658,-40.267180218004995,-2529.314286325439,2165.525876667489,-15.867429929859128,-0.5380964169966722,-0.11441997360603688,752.9348967291279,-15.867429929859128,154.83043373129166,0.1221207140684177,0.1883441378177776,-65.22799599081658,-0.5380964169966722,0.1221207140684177,12.656200155520889,-0.06869520418651381,-40.267180218004995,-0.11441997360603688,0.1883441378177776,-0.06869520418651381,4.101749943509924
s17_run,1,2086072011920002.0,1734792427263.0454,-42358340653.44043,-5860757627.516869,52412736.397418894,1734792427263.0454,9639628870477.21,-31991721979.450764,568746661.4261589,74862589.32941805,-42358340653.44043,-31991721979.450764,820145308313.5063,-6124072148.890573,-91794811.8475476,-5860757627.516869,568746661.4261589,-6124072148.890573,15603111893.088867,-12956039.139283601,52412736.397418894,74862589.32941805,-91794811.8475476,-12956039.139283601,235180801.24885407,189581740.73593134,56669.90935813867,-122.67549302855788,5.091767348197942,63.07972901559431,56669.90935813867,26374.639256351827,-198.44834232103753,-2.9578550852370324,-1.6213353824989023,-122.67549302855788,-198.44834232103753,619.7873266697558,-1.341621527392555,-0.09368188901452153,5.091767348197942,-2.9578550852370324,-1.341621527392555,43.337613156259415,0.48704626664189204,63.07972901559431,-1.6213353824989023,-0.09368188901452153,0.48704626664189204,25.24138520778549
s17_sit,-1,2088447910899943.2,200516000657.3069,28859136398.290287,699549877.733455,370316435.244818,200516000657.3069,5857715000370.555,-11068189121.798557,-269694245.3000101,3600374.281307157,28859136398.290287,-11068189121.798557,540288360382.54865,-4381721348.357054,10899491.922370449,699549877.733455,-269694245.3000101,-4381721348.357054,14489537957.773043,65786555.79835267,370316435.244818,3600374.281307157,10899491.922370449,65786555.79835267,247865886.3211985,177600250.16677883,464.00020713288524,167.2342251373924,18.785089374989305,48.86088653136056,464.00020713288524,126.61738419652507,-0.7603528909523747,0.007898273707628339,-0.016232553130299233,167.2342251373924,-0.7603528909523747,80.69801395619163,0.04784297982982543,0.014423845456973089,18.785089374989305,0.007898273707628339,0.04784297982982543,12.476491434102082,-0.0506719717859684,48.86088653136056,-0.016232553130299233,0.014423845456973089,-0.0506719717859684,2.530174088122119
s18_walk,0,2123616361715489.8,1247926472243.1345,-8093299240.874533,-11566682706.225954,-668263807.8844312,1247926472243.1345,14186481624880.422,-38114614300.83154,2024446776.0842328,-49149531.85410472,-8093299240.874533,-38114614300.83154,1091848601931.0642,-8174673488.479519,-103889397.10398012,-11566682706.225954,2024446776.0842328,-8174673488.479519,22128936361.915672,-45572325.50573628,-668263807.8844312,-49149531.85410472,-103889397.10398012,-45572325.50573628,425467070.11663705,201576471.4992095,2234.8279518563086,170.0696073201202,23.67131178569367,34.293878722609584,2234.8279518563086,1494.9267959333506,5.546487070757772,-0.8778173054361692,-0.14242382479193155,170.0696073201202,5.546487070757772,49.03584932356144,0.10461773885473644,-0.11786059056058704,23.67131178569367,-0.8778173054361692,0.10461773885473644,10.102689375937064,-0.011278864431052667,34.293878722609584,-0.14242382479193155,-0.11786059056058704,-0.011278864431052667,5.357712427360337
s18_run,1,2105821239061556.8,1620094204479.6208,83293379857.7629,1556420466.6407764,-209275312.82075188,1620094204479.6208,12990962218818.926,-31154928085.94508,108213398.8526335,-107609467.17061427,83293379857.7629,-31154928085.94508,960367950633.3578,-5508701766.678454,-162439688.59784344,1556420466.6407764,108213398.8526335,-5508701766.678454,17559680984.74803,77185828.20081094,-209275312.82075188,-107609467.17061427,-162439688.59784344,77185828.20081094,263774314.0933809,178702834.20618993,41304.367095934846,250.9475351392616,-74.6883099229279,-74.32649884902018,41304.367095934846,12291.410998525645,28.528018579574358,2.084177559723724,-0.022605133653432224,250.9475351392616,28.528018579574358,169.31824265911982,0.9830879118680261,-0.20420745753399405,-74.6883099229279,2.084177559723724,0.9830879118680261,39.41914960755689,-0.0027325964137256548,-74.32649884902018,-0.022605133653432224,-0.20420745753399405,-0.0027325964137256548,29.461415369409682
s18_sit,-1,2102090875915554.8,718901352642.5809,-5848989916.71824,-342780161.4753326,92402688.81556228,718901352642.5809,9863179033318.127,-19688520533.60042,851131865.8189322,-27913591.902875826,-5848989916.71824,-19688520533.60042,767125199834.2113,-3870924291.1510296,-80080047.55954047,-342780161.4753326,851131865.8189322,-3870924291.1510296,11417768441.793634,89605750.13747482,92402688.81556228,-27913591.902875826,-80080047.55954047,89605750.13747482,101475102.25276174,175973195.1926089,720.1747418546521,-1106.3743274399487,-152.89545432628302,96.27164401773302,720.1747418546521,146.38422275390258,0.14788618220458496,-0.07045463784090635,0.013992690129992583,-1106.3743274399487,0.14788618220458496,86.14528582879844,-0.18374319937898811,0.006928898217189487,-152.89545432628302,-0.07045463784090635,-0.18374319937898811,14.594774103131536,0.014736323187120166,96.27164401773302,0.013992690129992583,0.006928898217189487,0.014736323187120166,3.354892620602
s19_walk,0,2130153556502239.2,1185259814377.5027,-124121528623.87938,10047489679.330507,879493247.3426571,1185259814377.5027,16085373786156.96,-20067525549.607426,2268131118.759418,114359419.99633901,-124121528623.87938,-20067525549.607426,1289547858610.367,-8838293476.398571,138829458.38411593,10047489679.330507,2268131118.759418,-8838293476.398571,28487403241.101696,-14658950.608194077,879493247.3426571,114359419.99633901,138829458.38411593,-14658950.608194077,569789754.6980407,202335430.42769662,11541.81472116895,-245.12537034966476,191.3040798500116,-107.57565741031885,11541.81472116895,5066.908417570417,-24.248776809758784,3.1541950243961465,0.7014394829114581,-245.12537034966476,-24.248776809758784,217.3917296671018,-2.677509620247838,-0.18545911073371657,191.3040798500116,3.1541950243961465,-2.677509620247838,18.736199263783487,0.06597884035739174,-107.57565741031885,0.7014394829114581,-0.18545911073371657,0.06597884035739174,6.795825068233864
s19_run,1,2115005491493914.0,991677106124.5103,21447064040.254543,8297158527.869743,620026609.2235817,991677106124.5103,17767798210263.273,-47937126951.22656,1929447363.8561835,-440358143.5446389,21447064040.254543,-47937126951.22656,1495189025052.2432,-7500198116.35755,-141796549.11418676,8297158527.869743,1929447363.8561835,-7500198116.35755,34217613747.12437,-7849622.932259375,620026609.2235817,-440358143.5446389,-141796549.11418676,-7849622.932259375,855681683.6785941,227685892.97618735,122402.83249654791,-1621.9258358551288,-368.62711341451336,400.1002108950875,122402.83249654791,60729.672156170214,-500.8805275369551,-19.765340559697925,-1.4764336670917437,-1621.9258358551288,-500.8805275369551,1128.5438251239304,1.1747720085818092,-2.4668982995481654,-368.62711341451336,-19.765340559697925,1.1747720085818092,138.63646395403345,-0.3003384165038553,400.1002108950875,-1.4764336670917437,-2.4668982995481654,-0.3003384165038553,83.85793717114665
s19_sit,-1,2163610604010344.2,469272894242.45557,-27614881881.29368,2346333277.861115,-11001694.342023287,469272894242.45557,13244834113636.227,-21977336526.94604,782067055.4241463,77329452.11547986,-27614881881.29368,-21977336526.94604,1119068490883.2424,-8085694942.954883,25967942.92963344,2346333277.861115,782067055.4241463,-8085694942.954883,23071390974.096905,35612339.38240462,-11001694.342023287,77329452.11547986,25967942.92963344,35612339.38240462,491537609.3656848,182021620.95104784,903.6827562139069,357.79878228482033,-69.14251879354192,-41.31754503112421,903.6827562139069,151.35444323060258,-0.7437213379537417,-0.596131505889882,-0.20983869595204804,357.79878228482033,-0.7437213379537417,99.09494254201697,0.528135739590232,0.06693292991093747,-69.14251879354192,-0.596131505889882,0.528135739590232,15.811703141322267,0.13045879045949402,-41.31754503112421,-0.20983869595204804,0.06693292991093747,0.13045879045949402,3.260498015488119
s20_walk,0,2125952263620400.5,2743244924477.2104,-65290558449.65683,-6017752965.910205,-987124447.4523726,2743244924477.2104,16109983163213.791,-45363956963.37807,729388340.0491023,-191420262.52170756,-65290558449.65683,-45363956963.37807,1012235711419.0382,-4513012717.029946,-181807994.3310414,-6017752965.910205,729388340.0491023,-4513012717.029946,29652724759.76597,-63897836.02443604,-987124447.4523726,-191420262.52170756,-181807994.3310414,-63897836.02443604,874711161.1494672,211914196.12957945,2019.645602498002,858.4497438308621,97.86894507381056,-23.070653409767566,2019.645602498002,1432.906696242478,-1.4571742190215495,-0.1369199710205029,0.30649337651527303,858.4497438308621,-1.4571742190215495,100.7404081485781,-0.10426771309847224,-0.05620386844275872,97.86894507381056,-0.1369199710205029,-0.10426771309847224,15.386233129393306,-0.07494482721312952,-23.070653409767566,0.30649337651527303,-0.05620386844275872,-0.07494482721312952,5.366534116374468
s20_run,1,2197332596034693.5,2182723344852.5068,-169464607106.444,-279915031.1217197,-1323842521.7942724,2182723344852.5068,16648797154772.596,-58504238124.88093,1982828684.720302,-192859373.45578304,-169464607106.444,-58504238124.88093,1081105873832.1163,-9793168593.94227,-17190757.47914797,-279915031.1217197,1982828684.720302,-9793168593.94227,29013540681.57379,56940775.24590432,-1323842521.7942724,-192859373.45578304,-17190757.47914797,56940775.24590432,815471266.7437893,201478696.95801044,37866.95520568045,-227.64713770316797,-1.9850006493134291,-99.9431384240254,37866.95520568045,15473.905980636146,-44.53511821423956,2.474725907507161,0.6461021665650895,-227.64713770316797,-44.53511821423956,500.879485594542,-1.9975119045728227,0.09301105644642907,-1.9850006493134291,2.474725907507161,-1.9975119045728227,30.8348968065713,0.5967089058142905,-99.9431384240254,0.6461021665650895,0.09301105644642907,0.5967089058142905,20.704678848616087
s20_sit,-1,2161831174081329.5,2424630967200.4536,-7371138100.411569,5892145524.317139,1905161665.699086,2424630967200.4536,13887062179717.553,-29408154734.698524,1249554115.9091442,554111271.8191619,-7371138100.411569,-29408154734.698524,876597036747.5409,-5302683197.555523,-151148723.25475097,5892145524.317139,1249554115.9091442,-5302683197.555523,27006707807.110542,23985980.778092556,1905161665.699086,554111271.8191619,-151148723.25475097,23985980.778092556,808332675.1773324,178990187.04359007,-923.6199093649184,-428.29721957103885,6.230312373273546,21.256840631236884,-923.6199093649184,307.10950500983296,2.9127960742012977,0.24502335425095553,0.030180098336242786,-428.29721957103885,2.9127960742012977,151.99464798718125,-1.4794322678076408,-0.04115970989715037,6.230312373273546,0.24502335425095553,-1.4794322678076408,17.65065076409828,-0.141914550522034,21.256840631236884,0.030180098336242786,-0.04115970989715037,-0.141914550522034,3.780971020760505
s21_walk,0,2102519092664726.2,1625582922320.8708,18578512160.062016,-823907281.4564078,263807386.37588325,1625582922320.8708,11205979262397.963,-34092705394.69174,-106160712.97366783,94420596.66068389,18578512160.062016,-34092705394.69174,1222329909306.948,-9518791526.998587,72562381.25931615,-823907281.4564078,-106160712.97366783,-9518791526.998587,29678236924.576077,-6531216.625462657,263807386.37588325,94420596.66068389,72562381.25931615,-6531216.625462657,435385739.45213395,200972611.3451634,1360.9361610250294,58.074844503122705,-215.1332180373128,-27.09375968236996,1360.9361610250294,1333.295145483642,-2.1416929628478085,0.7019766301592799,-0.08245023293570124,58.074844503122705,-2.1416929628478085,124.84934844448355,-0.6150308661777958,-0.10580165715652654,-215.1332180373128,0.7019766301592799,-0.6150308661777958,21.567547015031693,-1.2670804926637556,-27.09375968236996,-0.08245023293570124,-0.10580165715652654,-1.2670804926637556,5.215555836835709
s21_run,1,2105161076277287.2,1426268116754.9338,24043514097.722496,-8405514630.885466,-486601390.26765376,1426268116754.9338,11471698250353.268,-32163423868.21808,1441446115.0568523,30203078.617982075,24043514097.722496,-32163423868.21808,1256710909961.0005,-7290300753.933669,24998361.737125944,-8405514630.885466,1441446115.0568523,-7290300753.933669,28610720196.820045,-115392550.35841613,-486601390.26765376,30203078.617982075,24998361.737125944,-115392550.35841613,433952629.88455963,182622675.0164699,35749.61194931228,676.7925508012411,26.241141792401486,-3.9253229072606812,35749.61194931228,10107.184535632152,-1.3817688210184371,-3.9752677306518813,0.40699956566812684,676.7925508012411,-1.3817688210184371,116.93221844351606,0.17340797850530967,-0.20276480278649647,26.241141792401486,-3.9752677306518813,0.17340797850530967,21.03818689185781,-0.03267174902356378,-3.9253229072606812,0.40699956566812684,-0.20276480278649647,-0.03267174902356378,15.155745034650202
s21_sit,-1,2129936798389992.5,953386929296.8611,-35793237195.27551,3571448963.814531,-362381969.81097984,953386929296.8611,10728794187034.148,-24502047151.82349,313748038.2107718,14584491.65297342,-35793237195.27551,-24502047151.82349,1025464823674.4062,-8788140494.922523,22728778.858013257,3571448963.814531,313748038.2107718,-8788140494.922523,21313171112.44269,45551526.07176585,-362381969.81097984,14584491.65297342,22728778.858013257,45551526.07176585,184742646.244564,179777364.0205289,169.26576736043734,222.7848649852411,-42.25975302250465,-13.78021012293009,169.26576736043734,129.44119319814897,-0.0944594082819298,-0.11659094112806512,-0.033346557203777334,222.7848649852411,-0.0944594082819298,107.79605118503828,-0.07823312071145591,-0.021594690582928115,-42.25975302250465,-0.11659094112806512,-0.07823312071145591,14.588183344585232,-0.02732304707508233,-13.78021012293009,-0.033346557203777334,-0.021594690582928115,-0.02732304707508233,2.523501849741743
s22_walk,0,2108999771204803.8,1555758564103.0908,95432695508.11441,-14315331389.749685,2323890996.1042514,1555758564103.0908,18223049258416.44,-15890176056.316395,2868689433.1749754,132162118.23309138,95432695508.11441,-15890176056.316395,1611087082869.069,-9658390381.731544,-9433839.992604418,-14315331389.749685,2868689433.1749754,-9658390381.731544,39094874591.583694,156782526.11113948,2323890996.1042514,132162118.23309138,-9433839.992604418,156782526.11113948,906049990.9889483,199480189.7745604,4160.463074428399,-95.4504872935641,-42.16986440147544,-95.58165338027896,4160.463074428399,1360.9973801789406,-4.730368271278419,0.1722472999438969,-0.8858280988573298,-95.4504872935641,-4.730368271278419,63.97540856072634,0.5780413762722412,0.43642576481050394,-42.16986440147544,0.1722472999438969,0.5780413762722412,10.130863922531455,0.046543808467169004,-95.58165338027896,-0.8858280988573298,0.43642576481050394,0.046543808467169004,2.8748555308040533
s22_run,1,2133841057501880.2,1977316316959.4143,-43270152633.987144,15723750477.19647,1845681395.2981627,1977316316959.4143,18875907112159.387,-39050467059.63188,1859488788.5949097,209173344.91542146,-43270152633.987144,-39050467059.63188,1557612544914.111,-8753946004.145603,-209694328.1686949,15723750477.19647,1859488788.5949097,-8753946004.145603,39833443742.69275,9683229.57002993,1845681395.2981627,209173344.91542146,-209694328.1686949,9683229.57002993,997580676.8869922,191580600.41960984,25315.854855981124,335.1268751465222,-77.56992313419705,-89.73933498616631,25315.854855981124,13037.657161906838,-118.36767008328127,-6.000720658114314,0.5657573693262666,335.1268751465222,-118.36767008328127,273.14946374845226,-1.5910737009039473,-0.1823845852520275,-77.56992313419705,-6.000720658114314,-1.5910737009039473,21.76136487640239,0.1361468736157047,-89.73933498616631,0.5657573693262666,-0.1823845852520275,0.1361468736157047,13.726098460857509
s22_sit,-1,2105667280008536.8,1677846395312.7908,24371149833.274414,13173243195.178968,297339326.5848894,1677846395312.7908,15572446568798.6,-31433824490.000366,129084070.11417425,223614407.75679186,24371149833.274414,-31433824490.000366,1022521759953.766,-8094755065.839259,62909279.28993096,13173243195.178968,129084070.11417425,-8094755065.839259,25538039178.794334,79934770.39556059,297339326.5848894,223614407.75679186,62909279.28993096,79934770.39556059,1095512772.9648478,177897119.79199666,189.00285148197418,-287.6665142479629,253.39393807748064,6.592512795844676,189.00285148197418,143.01097093162312,-0.09429380954099184,0.013618840497160145,0.03605103040681368,-287.6665142479629,-0.09429380954099184,187.50262865771225,-0.15172290574294867,0.038452060045986884,253.39393807748064,0.013618840497160145,-0.15172290574294867,18.248498533856804,-0.06667293185654334,6.592512795844676,0.03605103040681368,0.038452060045986884,-0.06667293185654334,3.159833239939419
